Transcript ID,Biotype,Exon Rank,Pfam Domain ID,Pfam Domain Name,Polyphen Prediction,Polyphen Score,Molecular Consequence,Codon Switch,Amino Acids,refAA,varAA,Associated Diseases (submissions)
ENST00000263640,protein_coding,6/11,PF08515,Transforming growth factor beta type I GS-motif,probably_damaging,0.999,missense_variant,cGc/cAc,R206H,R,H,Progressive myositis ossificans (14); not provided (4); Inborn genetic diseases (1); Epicanthus (1); ACVR1-related disorder (1)
ENST00000409283,protein_coding,5/10,PF08515,Transforming growth factor beta type I GS-motif,probably_damaging,0.999,missense_variant,cGc/cAc,R206H,R,H,Progressive myositis ossificans (14); not provided (4); Inborn genetic diseases (1); Epicanthus (1); ACVR1-related disorder (1)
ENST00000410057,protein_coding,7/12,PF08515,Transforming growth factor beta type I GS-motif,probably_damaging,0.999,missense_variant,cGc/cAc,R206H,R,H,Progressive myositis ossificans (14); not provided (4); Inborn genetic diseases (1); Epicanthus (1); ACVR1-related disorder (1)
ENST00000424669,protein_coding,7/12,PF08515,Transforming growth factor beta type I GS-motif,probably_damaging,0.999,missense_variant,cGc/cAc,R206H,R,H,Progressive myositis ossificans (14); not provided (4); Inborn genetic diseases (1); Epicanthus (1); ACVR1-related disorder (1)
ENST00000434821,protein_coding,6/11,PF08515,Transforming growth factor beta type I GS-motif,probably_damaging,0.999,missense_variant,cGc/cAc,R206H,R,H,Progressive myositis ossificans (14); not provided (4); Inborn genetic diseases (1); Epicanthus (1); ACVR1-related disorder (1)
ENST00000539637,protein_coding,7/12,PF08515,Transforming growth factor beta type I GS-motif,probably_damaging,0.999,missense_variant,cGc/cAc,R206H,R,H,Progressive myositis ossificans (14); not provided (4); Inborn genetic diseases (1); Epicanthus (1); ACVR1-related disorder (1)
ENST00000672582,protein_coding,7/12,PF08515,Transforming growth factor beta type I GS-motif,probably_damaging,0.999,missense_variant,cGc/cAc,R206H,R,H,Progressive myositis ossificans (14); not provided (4); Inborn genetic diseases (1); Epicanthus (1); ACVR1-related disorder (1)
ENST00000673324,protein_coding,7/12,PF08515,Transforming growth factor beta type I GS-motif,probably_damaging,0.999,missense_variant,cGc/cAc,R206H,R,H,Progressive myositis ossificans (14); not provided (4); Inborn genetic diseases (1); Epicanthus (1); ACVR1-related disorder (1)
ENST00000682025,protein_coding,7/12,PF08515,Transforming growth factor beta type I GS-motif,probably_damaging,0.999,missense_variant,cGc/cAc,R206H,R,H,Progressive myositis ossificans (14); not provided (4); Inborn genetic diseases (1); Epicanthus (1); ACVR1-related disorder (1)
ENST00000682300,protein_coding,8/13,PF08515,Transforming growth factor beta type I GS-motif,probably_damaging,0.999,missense_variant,cGc/cAc,R206H,R,H,Progressive myositis ossificans (14); not provided (4); Inborn genetic diseases (1); Epicanthus (1); ACVR1-related disorder (1)
ENST00000683426,protein_coding,6/11,PF08515,Transforming growth factor beta type I GS-motif,probably_damaging,0.991,missense_variant,cGc/cAc,R206H,R,H,Progressive myositis ossificans (14); not provided (4); Inborn genetic diseases (1); Epicanthus (1); ACVR1-related disorder (1)
ENST00000683441,protein_coding,6/11,PF08515,Transforming growth factor beta type I GS-motif,probably_damaging,0.999,missense_variant,cGc/cAc,R206H,R,H,Progressive myositis ossificans (14); not provided (4); Inborn genetic diseases (1); Epicanthus (1); ACVR1-related disorder (1)
ENST00000683487,protein_coding,7/12,PF08515,Transforming growth factor beta type I GS-motif,probably_damaging,0.999,missense_variant,cGc/cAc,R206H,R,H,Progressive myositis ossificans (14); not provided (4); Inborn genetic diseases (1); Epicanthus (1); ACVR1-related disorder (1)
ENST00000683820,protein_coding,6/11,PF08515,Transforming growth factor beta type I GS-motif,probably_damaging,0.999,missense_variant,cGc/cAc,R206H,R,H,Progressive myositis ossificans (14); not provided (4); Inborn genetic diseases (1); Epicanthus (1); ACVR1-related disorder (1)
ENST00000684348,protein_coding,6/11,PF08515,Transforming growth factor beta type I GS-motif,probably_damaging,0.999,missense_variant,cGc/cAc,R206H,R,H,Progressive myositis ossificans (14); not provided (4); Inborn genetic diseases (1); Epicanthus (1); ACVR1-related disorder (1)
ENST00000684595,protein_coding,5/10,PF08515,Transforming growth factor beta type I GS-motif,probably_damaging,0.999,missense_variant,cGc/cAc,R206H,R,H,Progressive myositis ossificans (14); not provided (4); Inborn genetic diseases (1); Epicanthus (1); ACVR1-related disorder (1)
ENST00000864651,protein_coding,6/11,PF08515,Transforming growth factor beta type I GS-motif,probably_damaging,0.999,missense_variant,cGc/cAc,R206H,R,H,Progressive myositis ossificans (14); not provided (4); Inborn genetic diseases (1); Epicanthus (1); ACVR1-related disorder (1)
ENST00000864652,protein_coding,5/10,PF08515,Transforming growth factor beta type I GS-motif,probably_damaging,0.999,missense_variant,cGc/cAc,R206H,R,H,Progressive myositis ossificans (14); not provided (4); Inborn genetic diseases (1); Epicanthus (1); ACVR1-related disorder (1)
ENST00000864653,protein_coding,6/11,PF08515,Transforming growth factor beta type I GS-motif,probably_damaging,0.999,missense_variant,cGc/cAc,R206H,R,H,Progressive myositis ossificans (14); not provided (4); Inborn genetic diseases (1); Epicanthus (1); ACVR1-related disorder (1)
ENST00000864654,protein_coding,5/10,PF08515,Transforming growth factor beta type I GS-motif,probably_damaging,0.999,missense_variant,cGc/cAc,R206H,R,H,Progressive myositis ossificans (14); not provided (4); Inborn genetic diseases (1); Epicanthus (1); ACVR1-related disorder (1)
ENST00000864655,protein_coding,8/13,PF08515,Transforming growth factor beta type I GS-motif,probably_damaging,0.999,missense_variant,cGc/cAc,R206H,R,H,Progressive myositis ossificans (14); not provided (4); Inborn genetic diseases (1); Epicanthus (1); ACVR1-related disorder (1)
ENST00000864656,protein_coding,6/11,PF08515,Transforming growth factor beta type I GS-motif,probably_damaging,0.999,missense_variant,cGc/cAc,R206H,R,H,Progressive myositis ossificans (14); not provided (4); Inborn genetic diseases (1); Epicanthus (1); ACVR1-related disorder (1)
ENST00000864657,protein_coding,7/12,PF08515,Transforming growth factor beta type I GS-motif,probably_damaging,0.999,missense_variant,cGc/cAc,R206H,R,H,Progressive myositis ossificans (14); not provided (4); Inborn genetic diseases (1); Epicanthus (1); ACVR1-related disorder (1)
ENST00000864658,protein_coding,6/10,PF08515,Transforming growth factor beta type I GS-motif,,,missense_variant,cGc/cAc,R206H,R,H,Progressive myositis ossificans (14); not provided (4); Inborn genetic diseases (1); Epicanthus (1); ACVR1-related disorder (1)
ENST00000864659,protein_coding,7/12,PF08515,Transforming growth factor beta type I GS-motif,probably_damaging,0.999,missense_variant,cGc/cAc,R206H,R,H,Progressive myositis ossificans (14); not provided (4); Inborn genetic diseases (1); Epicanthus (1); ACVR1-related disorder (1)
ENST00000864660,protein_coding,8/13,PF08515,Transforming growth factor beta type I GS-motif,probably_damaging,0.999,missense_variant,cGc/cAc,R206H,R,H,Progressive myositis ossificans (14); not provided (4); Inborn genetic diseases (1); Epicanthus (1); ACVR1-related disorder (1)
ENST00000864661,protein_coding,7/12,PF08515,Transforming growth factor beta type I GS-motif,probably_damaging,0.999,missense_variant,cGc/cAc,R206H,R,H,Progressive myositis ossificans (14); not provided (4); Inborn genetic diseases (1); Epicanthus (1); ACVR1-related disorder (1)
ENST00000864662,protein_coding,7/12,PF08515,Transforming growth factor beta type I GS-motif,probably_damaging,0.999,missense_variant,cGc/cAc,R206H,R,H,Progressive myositis ossificans (14); not provided (4); Inborn genetic diseases (1); Epicanthus (1); ACVR1-related disorder (1)
ENST00000864663,protein_coding,7/12,PF08515,Transforming growth factor beta type I GS-motif,probably_damaging,0.999,missense_variant,cGc/cAc,R206H,R,H,Progressive myositis ossificans (14); not provided (4); Inborn genetic diseases (1); Epicanthus (1); ACVR1-related disorder (1)
ENST00000864664,protein_coding,6/11,PF08515,Transforming growth factor beta type I GS-motif,probably_damaging,0.999,missense_variant,cGc/cAc,R206H,R,H,Progressive myositis ossificans (14); not provided (4); Inborn genetic diseases (1); Epicanthus (1); ACVR1-related disorder (1)
ENST00000933462,protein_coding,,,,,,intron_variant,,nan<NA>None,nan,,
ENST00000945751,protein_coding,6/11,PF08515,Transforming growth factor beta type I GS-motif,probably_damaging,0.999,missense_variant,cGc/cAc,R206H,R,H,Progressive myositis ossificans (14); not provided (4); Inborn genetic diseases (1); Epicanthus (1); ACVR1-related disorder (1)
ENST00000945752,protein_coding,6/9,PF08515,Transforming growth factor beta type I GS-motif,,,missense_variant,cGc/cAc,R206H,R,H,Progressive myositis ossificans (14); not provided (4); Inborn genetic diseases (1); Epicanthus (1); ACVR1-related disorder (1)
ENST00000945753,protein_coding,6/11,PF08515,Transforming growth factor beta type I GS-motif,probably_damaging,0.999,missense_variant,cGc/cAc,R206H,R,H,Progressive myositis ossificans (14); not provided (4); Inborn genetic diseases (1); Epicanthus (1); ACVR1-related disorder (1)
ENST00000945754,protein_coding,7/12,PF08515,Transforming growth factor beta type I GS-motif,probably_damaging,0.999,missense_variant,cGc/cAc,R206H,R,H,Progressive myositis ossificans (14); not provided (4); Inborn genetic diseases (1); Epicanthus (1); ACVR1-related disorder (1)
ENST00000945755,protein_coding,6/11,PF08515,Transforming growth factor beta type I GS-motif,probably_damaging,0.999,missense_variant,cGc/cAc,R206H,R,H,Progressive myositis ossificans (14); not provided (4); Inborn genetic diseases (1); Epicanthus (1); ACVR1-related disorder (1)
ENST00000945756,protein_coding,6/11,PF08515,Transforming growth factor beta type I GS-motif,probably_damaging,0.999,missense_variant,cGc/cAc,R206H,R,H,Progressive myositis ossificans (14); not provided (4); Inborn genetic diseases (1); Epicanthus (1); ACVR1-related disorder (1)
ENST00000945757,protein_coding,7/10,PF08515,Transforming growth factor beta type I GS-motif,,,missense_variant,cGc/cAc,R206H,R,H,Progressive myositis ossificans (14); not provided (4); Inborn genetic diseases (1); Epicanthus (1); ACVR1-related disorder (1)
ENST00000945758,protein_coding,6/11,PF08515,Transforming growth factor beta type I GS-motif,probably_damaging,0.999,missense_variant,cGc/cAc,R206H,R,H,Progressive myositis ossificans (14); not provided (4); Inborn genetic diseases (1); Epicanthus (1); ACVR1-related disorder (1)
ENST00000945759,protein_coding,7/12,PF08515,Transforming growth factor beta type I GS-motif,probably_damaging,0.999,missense_variant,cGc/cAc,R206H,R,H,Progressive myositis ossificans (14); not provided (4); Inborn genetic diseases (1); Epicanthus (1); ACVR1-related disorder (1)
ENST00000945760,protein_coding,6/10,PF08515,Transforming growth factor beta type I GS-motif,,,missense_variant,cGc/cAc,R206H,R,H,Progressive myositis ossificans (14); not provided (4); Inborn genetic diseases (1); Epicanthus (1); ACVR1-related disorder (1)
ENST00000945761,protein_coding,5/10,PF08515,Transforming growth factor beta type I GS-motif,probably_damaging,0.999,missense_variant,cGc/cAc,R206H,R,H,Progressive myositis ossificans (14); not provided (4); Inborn genetic diseases (1); Epicanthus (1); ACVR1-related disorder (1)
